survived,pclass,sex,age,sibsp,parch,fare,embarked,who,adult_male,embark_town,alone
0,3,male,31.692101693986544,1,1,40.2047248901357,S,man,True,Southampton,False
1,3,male,26.924879713715214,1,0,9.989454497127053,S,man,False,Southampton,True
1,2,female,16.701240288327018,0,0,12.138009667733082,S,man,False,Queenstown,True
0,3,female,9.224499312105959,0,0,4.282193763344969,S,woman,False,Southampton,True
0,1,male,4.586126367139428,0,0,34.102084313588776,Q,man,True,Queenstown,True
0,2,male,29.21026917232005,1,0,1.2995421169393682,S,man,True,Southampton,False
0,3,male,29.461324521520545,0,0,29.13642535277184,S,man,True,Cherbourg,True
1,1,male,13.126581668783636,0,0,65.21229482382054,S,man,True,Southampton,True
0,1,male,25.947497705224922,0,0,70.87579703269515,S,man,False,Southampton,True
1,1,female,-7.943319003638599,0,5,19.074848089425373,C,child,True,Cherbourg,True
0,1,male,39.90571596861602,0,0,19.67672012158016,S,woman,True,Cherbourg,True
1,1,female,-4.7384343394953135,1,2,2.562965029749687,S,man,True,Southampton,False
1,3,male,29.461324521520545,0,0,35.55147439239574,S,man,True,Southampton,False
0,2,male,29.21026917232005,0,0,55.098233605866724,S,woman,True,Southampton,False
0,3,female,36.53286408254532,1,0,8.978584088106944,S,man,False,Cherbourg,True
0,3,male,29.461324521520545,1,0,17.503123004022683,C,man,True,Southampton,True
0,2,male,57.25071149366534,0,0,58.41131210518103,C,man,True,Southampton,True
0,2,male,32.02843634195901,0,0,67.08962609393473,C,man,True,Southampton,False
0,2,female,43.750573589411246,0,2,8.91615387056353,C,child,True,Southampton,True
0,3,female,18.87152067581597,2,1,25.592850485313143,S,woman,True,Cherbourg,True
1,2,male,29.21026917232005,0,0,6.84171973557007,S,man,False,Southampton,False
0,3,male,29.461324521520545,2,0,3.438406824524545,C,man,False,Southampton,True
0,2,male,25.672268254345028,1,0,77.4551607964902,C,woman,False,Southampton,True
0,3,female,31.691286698733233,0,0,54.96390010351124,C,woman,False,Southampton,True
0,2,female,42.73194828792465,0,0,45.672377292645066,S,woman,True,Southampton,True
1,2,male,18.608786717317116,0,2,1.5998568025248412,S,woman,False,Southampton,True
0,3,male,29.461324521520545,0,0,59.397192733481695,C,man,False,Queenstown,True
0,3,male,32.578031151973164,0,0,18.442619489340846,C,woman,False,Southampton,False
0,1,female,42.84136837101204,0,0,13.412832619361359,Q,woman,True,Southampton,False
0,3,female,10.079759291512403,4,0,25.302652324873964,S,man,False,Cherbourg,True
0,3,male,38.38307856188274,0,0,3.0655637180153135,S,woman,False,Southampton,False
0,3,male,29.461324521520545,1,0,45.22369161698741,S,man,False,Queenstown,True
0,3,male,-2.828947627614255,0,0,27.946087754291852,C,man,True,Cherbourg,True
1,2,female,28.76849949653324,0,0,6.608643539374804,S,man,False,Southampton,True
1,1,male,29.14715521014964,0,0,6.67331008069153,S,man,False,Southampton,False
1,2,female,28.76849949653324,0,4,6.516662096613579,Q,man,False,Southampton,True
0,3,male,29.461324521520545,2,0,1.8781289030502244,S,man,True,Southampton,False
0,3,male,17.841960749849456,0,0,28.359771158336905,C,man,False,Cherbourg,False
1,2,male,29.21026917232005,0,0,58.712318235016575,S,man,True,Southampton,True
0,1,male,27.49417215397528,0,0,0.5648997573066281,C,man,True,Southampton,False
0,3,male,19.26938875790365,0,0,1.607875224024007,S,man,True,Southampton,False
0,3,female,28.4236273232243,0,1,27.213869334811392,C,woman,False,Southampton,True
0,3,male,36.51927166285601,1,0,54.7840191301283,Q,man,True,Southampton,True
1,1,male,29.72276927395691,1,0,12.659905479323198,S,man,True,Cherbourg,False
0,2,male,29.21026917232005,0,0,13.766075500219221,S,woman,False,Southampton,False
1,1,female,19.899766638613656,0,0,29.030349955169612,S,woman,False,Southampton,True
0,3,female,19.730168163453612,0,1,10.25595337176094,S,woman,True,Southampton,True
0,1,male,20.630682589204966,0,1,0.8630008421226177,C,man,False,Cherbourg,True
0,3,female,33.74340441135032,0,0,42.524421039273264,S,man,False,Southampton,True
0,2,male,15.08147870637498,0,1,31.44204344787975,S,woman,True,Cherbourg,True
1,3,male,29.461324521520545,0,0,27.817669996763716,S,man,True,Southampton,False
1,3,female,48.781926578775625,0,3,43.31430837372796,C,man,True,Queenstown,False
1,3,female,33.5599030093848,0,0,35.98849978991623,Q,man,True,Southampton,True
1,1,female,25.754862819823398,0,3,7.376742376989914,S,woman,True,Southampton,False
0,1,male,10.826223609235175,0,0,13.907430870620026,S,man,False,Southampton,False
1,1,male,29.14715521014964,0,0,4.313629807842474,S,woman,False,Southampton,True
0,3,female,12.619752891615228,1,0,4.451127310228557,S,woman,True,Southampton,True
0,3,male,40.87986848266047,0,4,36.08371523797284,S,man,True,Southampton,True
0,3,male,37.9392500483228,0,1,62.59722502767056,S,woman,True,Southampton,False
0,3,male,25.685239558503167,0,0,105.26834867426568,S,woman,True,Southampton,True
0,3,male,25.31829674707051,1,0,31.673439104664617,S,woman,True,Queenstown,False
0,1,male,29.14715521014964,0,0,6.5108832804270955,S,man,False,Southampton,True
1,3,female,27.837529551101177,0,0,3.573070969598002,S,woman,False,Cherbourg,True
0,2,male,37.67896865354127,0,0,53.6272011476744,S,man,True,Southampton,True
0,2,male,13.752878373930736,1,0,27.66541349062769,C,child,False,Southampton,True
0,3,male,26.81849935939256,3,1,30.818594469631712,S,man,True,Southampton,False
0,1,female,29.5300668101253,0,0,48.665464724916085,S,man,False,Southampton,False
1,1,male,37.184016791293956,1,1,38.87862408966472,S,woman,True,Queenstown,True
0,3,male,29.053243065724622,2,0,57.55301975586252,C,woman,True,Southampton,False
1,1,female,6.231529044537822,2,0,1.8513834649577536,Q,man,False,Cherbourg,False
1,3,female,21.58087122752515,0,0,44.045624425468915,S,man,True,Queenstown,True
0,2,female,28.76849949653324,0,0,60.89028016315852,S,man,False,Southampton,False
0,2,female,40.78139678855663,0,0,10.78596702804892,S,child,True,Queenstown,True
1,2,male,20.353087468480545,1,0,32.73262232781642,S,woman,True,Southampton,True
1,2,female,28.76849949653324,0,0,12.067645562455251,S,woman,True,Queenstown,True
1,3,male,29.461324521520545,0,0,101.42070414726129,S,man,True,Southampton,False
1,2,female,21.108197549189384,0,0,1.0878370185115758,S,man,False,Southampton,True
0,3,female,27.837529551101177,1,0,27.744238730655823,S,woman,True,Cherbourg,False
0,3,female,26.189511710259904,1,1,5.828026637076478,S,woman,False,Southampton,False
0,3,female,11.750007382592344,0,2,39.85791016359794,S,man,False,Southampton,True
1,3,male,35.27006446852511,1,0,6.190451415857737,S,woman,False,Southampton,True
1,3,male,34.195316718394906,0,0,8.588178132530153,S,man,True,Southampton,True
0,1,female,29.671460243741652,1,0,21.82245460794088,S,man,False,Southampton,True
0,1,female,33.64581408561922,0,2,78.82125249719915,C,man,True,Cherbourg,True
0,2,male,23.067130239727568,0,0,7.612633053052366,S,man,True,Southampton,True
0,3,male,6.356918698480051,2,0,4.984490901179603,S,man,True,Southampton,True
1,1,male,18.967041819268573,0,0,45.531590935239514,Q,man,True,Southampton,True
1,3,female,31.198764139732177,1,0,22.22038443210006,S,man,True,Southampton,True
1,3,female,31.278421807849544,0,0,77.69534516339215,S,woman,False,Cherbourg,True
0,2,male,29.57930673620187,0,1,5.073406918808658,S,man,True,Cherbourg,False
0,3,male,36.68191575179044,0,0,33.22415022609452,C,man,True,Queenstown,False
1,1,female,20.86395536369977,0,0,8.483549538574792,Q,man,False,Southampton,True
1,1,female,25.754862819823398,0,0,5.4561335145278305,C,man,True,Southampton,True
0,3,male,29.461324521520545,0,0,36.80668945221799,S,woman,True,Queenstown,True
1,3,male,27.811542540967054,0,2,28.820019925685237,S,man,True,Cherbourg,True
0,3,male,11.593465002314616,0,0,44.98537807116372,S,woman,False,Southampton,True
0,2,male,15.539162824822473,4,1,11.84912351490103,S,woman,True,Southampton,False
0,2,male,40.63193253991113,3,0,19.012988380465497,S,man,True,Queenstown,False
0,3,female,48.49461028119602,0,0,16.639581476613234,S,man,True,Southampton,True
0,3,female,45.45396350953669,1,2,132.50475985893866,C,man,False,Southampton,False
0,3,male,32.25018329638849,0,0,11.061212190040887,S,man,False,Southampton,True
1,2,female,12.1561435717663,0,1,11.177544748103998,S,woman,False,Southampton,True
0,3,male,28.911078205179837,1,0,14.0097521907026,S,man,True,Southampton,True
0,2,male,50.8715718473059,2,1,26.607249169437402,C,man,True,Southampton,True
1,1,male,37.65883732639065,0,0,9.305083853080573,C,man,True,Southampton,True
0,3,male,26.095314682425784,1,0,78.99266933495502,S,man,True,Southampton,True
0,1,female,37.80075325977703,0,1,9.88217460344995,S,man,True,Southampton,True
1,3,female,11.228467107381533,5,2,72.37101234325338,S,man,True,Southampton,True
0,2,male,19.26060071012517,0,2,3.495333475011128,Q,man,True,Cherbourg,False
0,1,male,29.14715521014964,0,1,34.200023159011764,S,man,False,Queenstown,False
0,3,female,35.574005456878055,0,1,76.00000263147217,S,woman,True,Southampton,True
0,3,male,38.997448996081296,1,0,5.914368364836766,S,woman,False,Southampton,True
1,3,male,26.846435619222866,0,0,110.47326196084036,S,man,True,Queenstown,True
1,3,female,27.837529551101177,2,0,19.29898445501862,C,man,True,Southampton,False
1,3,male,29.461324521520545,0,0,93.23229858958146,S,child,True,Southampton,True
1,3,male,22.187881530566695,0,0,36.14547105409139,S,man,True,Cherbourg,True
1,3,male,29.461324521520545,0,0,11.48622317881171,S,man,True,Southampton,True
0,2,female,33.74591159432945,0,0,6.676082427933658,S,man,True,Cherbourg,True
1,3,male,29.461324521520545,0,0,11.584800332069483,Q,woman,False,Cherbourg,True
0,1,male,7.071103738502703,0,0,3.124224748388133,S,man,False,Southampton,False
1,3,female,10.182397414915386,0,0,4.970581433884923,C,child,True,Southampton,False
1,3,male,6.554353464576707,0,0,3.5376715647657506,C,woman,False,Southampton,True
0,1,female,32.46516683206686,0,1,17.594085529337317,S,woman,False,Southampton,True
0,3,male,31.105676134466293,1,0,50.802260318230395,S,woman,False,Southampton,True
0,3,female,30.40728132311427,1,0,4.8778550140681,S,man,False,Southampton,True
0,1,male,37.22824313471919,0,0,4.468174373406577,C,man,True,Southampton,False
1,3,male,45.68742398563963,0,0,32.99909628460072,S,woman,True,Cherbourg,True
1,3,male,20.708268568448386,0,0,7.028110846045713,S,child,True,Southampton,True
0,1,male,34.690684681337856,0,0,3.2866727069185564,S,man,True,Southampton,True
0,3,female,6.885382896317722,0,0,5.84127598304696,C,child,True,Southampton,False
0,2,female,48.30193644768691,0,0,82.35180495211753,S,man,True,Southampton,False
0,3,male,29.461324521520545,0,0,55.13618053940929,S,man,False,Southampton,True
0,3,male,19.058864333433874,0,2,13.985783101446213,S,man,False,Southampton,True
0,3,female,20.632066807736706,0,2,34.130967426693694,S,man,False,Southampton,True
1,3,female,7.632206045889031,1,0,24.65996191077429,C,man,False,Cherbourg,False
0,3,male,29.456058083719867,4,0,36.17560788627862,S,man,False,Queenstown,True
0,3,male,31.994654154820743,0,0,36.730133403867235,C,man,True,Southampton,True
1,2,male,26.348208606258304,0,0,31.706769046870303,S,man,True,Southampton,True
0,3,female,7.436533151564927,1,2,9.900299653733033,S,man,True,Southampton,False
1,1,male,29.14715521014964,2,0,1.2732016438093812,S,child,False,Southampton,True
1,3,male,36.68923115102307,0,1,19.456319757250103,S,man,True,Southampton,True
0,1,male,29.14715521014964,0,0,70.91737073460958,S,man,False,Cherbourg,True
0,1,female,17.728470641591905,0,3,26.96965078403964,S,man,True,Southampton,False
0,1,male,42.41035119447767,0,0,57.15589254069236,S,man,True,Southampton,False
0,3,male,39.90983442351829,0,1,153.0376240626421,S,woman,False,Southampton,False
0,2,male,24.93194855663693,0,0,5.71736592915691,S,man,True,Queenstown,True
0,3,male,48.75471261482914,0,0,37.661881780863574,C,woman,True,Cherbourg,True
0,1,male,23.324259893407103,0,0,35.89628275714781,S,man,True,Southampton,False
0,2,male,23.9475201280555,1,0,125.1135312267459,S,man,True,Southampton,True
0,3,male,-19.600018487137362,0,2,135.69849736459557,S,man,False,Southampton,False
1,3,male,29.461324521520545,0,2,37.136826100374286,C,man,True,Southampton,False
0,2,male,29.21026917232005,0,1,8.934543940995136,C,man,True,Southampton,True
0,3,female,21.289903260262843,0,0,51.27177754588082,S,man,True,Cherbourg,True
0,3,female,14.632925057569615,4,1,3.6224423594942494,C,man,False,Cherbourg,False
1,3,male,23.872758449544335,0,0,48.55396641956284,S,man,True,Queenstown,False
0,1,female,35.2143232230441,0,0,77.1240685962621,S,child,False,Southampton,True
1,1,male,29.155981882682603,1,0,15.443720538891608,C,man,False,Cherbourg,True
1,3,male,38.934978067081296,0,0,31.871064402201004,C,man,True,Cherbourg,True
0,1,male,46.71881349819884,1,0,17.99581941433825,S,man,False,Southampton,True
1,3,male,23.836856886510304,0,0,18.426734874404225,C,man,False,Cherbourg,True
0,3,female,22.300058611774407,0,0,11.89124308330519,S,man,True,Southampton,True
1,3,female,42.40818715126814,0,1,45.95294007721285,C,woman,True,Cherbourg,False
1,3,female,43.51866204235901,0,0,88.0523143445816,S,child,False,Southampton,False
0,3,male,29.461324521520545,1,0,90.43212802942382,S,man,False,Southampton,False
0,2,male,15.669496705649108,1,0,6.147418193286311,S,man,True,Southampton,True
1,3,male,34.91717091702245,0,0,66.47657084664482,S,man,True,Southampton,True
0,2,male,30.532588456662047,0,0,42.791777777123876,S,woman,False,Southampton,False
0,3,male,43.735405178895284,1,0,9.327118328873459,S,man,False,Southampton,True
0,3,male,20.97979074647152,2,0,2.22896563312795,S,man,False,Southampton,True
0,3,male,5.667455923901173,0,0,9.98307300042512,S,man,True,Southampton,True
1,3,male,38.66331520532381,0,0,77.84920306378278,S,woman,False,Cherbourg,False
0,3,female,-6.817157365599428,0,1,32.09217286578555,S,man,True,Queenstown,False
0,2,female,18.758812345451382,1,0,40.85566187365522,S,man,True,Southampton,True
0,2,female,28.76849949653324,0,0,9.512457724440587,C,woman,False,Cherbourg,False
1,3,male,14.580914607319544,0,1,40.665052836429574,C,man,False,Southampton,True
0,1,male,18.513559406628662,1,0,0.912783641421627,C,woman,True,Cherbourg,True
1,1,male,29.14715521014964,0,0,15.056573270549013,S,man,True,Southampton,False
0,2,female,40.48777586608922,0,1,31.53650604529346,C,woman,False,Southampton,False
1,2,male,25.47577045210493,0,0,5.053989311722106,S,woman,True,Southampton,True
0,2,male,44.87072860602669,0,0,55.412023719285514,S,man,False,Southampton,True
0,1,female,14.127839827670764,0,0,8.573451503110805,S,woman,False,Cherbourg,False
0,1,male,12.224032599539786,0,0,33.80354947537689,C,man,True,Cherbourg,False
1,1,male,41.09035322945226,0,0,16.62480833275134,S,child,False,Southampton,False
1,3,male,29.461324521520545,0,0,29.00634612613706,S,man,False,Southampton,True
0,2,male,22.55631237783348,1,0,3.637547636676313,S,woman,False,Cherbourg,False
1,2,male,13.103547488226173,1,0,0.5458385488938177,C,man,False,Cherbourg,False
1,3,male,49.43624625053116,0,0,76.89976276977556,S,child,False,Southampton,True
0,1,male,4.918564286730543,0,0,10.054529149859686,S,man,True,Southampton,False
0,3,male,20.622036905190157,0,0,54.81617942908074,S,child,True,Southampton,True
0,3,female,32.20007138525056,0,0,234.84801814001065,S,woman,False,Southampton,True
0,1,male,54.23030731804024,0,0,7.60114226095328,S,man,True,Southampton,False
1,2,male,34.36340296902509,0,2,9.859747445922439,S,woman,True,Southampton,True
1,3,male,35.724265142186184,0,0,34.792203991285035,C,child,False,Cherbourg,True
1,3,female,21.028628197926217,0,0,107.68986272097318,S,man,False,Southampton,False
0,3,male,36.958723153844375,0,0,79.19138490625477,S,man,True,Queenstown,True
0,3,male,30.474330492307217,1,0,22.365274291242937,S,man,False,Cherbourg,True
1,1,female,6.761496434154186,0,2,50.72906906057704,S,man,False,Queenstown,False
1,3,female,27.837529551101177,0,0,4.668428861677095,S,man,True,Southampton,True
1,1,male,42.58550745785592,0,2,121.32788378177325,S,man,False,Cherbourg,True
1,3,female,40.247110683496274,1,0,106.69109928108034,S,man,True,Southampton,True
1,3,male,29.466590959321227,1,0,5.72168017215811,C,man,True,Southampton,True
0,3,male,15.613523635904938,0,0,11.387237628949519,S,man,True,Southampton,False
0,3,male,-3.3285722379881193,0,1,3.377047998120392,S,woman,True,Southampton,False
1,1,male,31.198750475620308,0,0,10.146124556898526,C,woman,True,Cherbourg,True
0,1,female,44.14718883637189,0,0,54.162536810150115,S,man,False,Cherbourg,False
0,1,male,42.93745456716313,0,0,15.210327105138024,C,woman,False,Southampton,True
0,1,male,40.42501980751387,1,0,2.961620949119213,S,woman,True,Southampton,True
1,3,female,27.961046300308528,0,2,13.404580775412777,S,child,False,Southampton,False
0,2,female,44.22449843644095,1,0,127.47833890898174,C,man,True,Southampton,False
0,1,male,29.14715521014964,0,0,31.78871970644661,S,man,True,Cherbourg,True
0,3,male,23.08313014989819,0,0,17.220157673533215,S,child,False,Southampton,True
1,3,male,38.472372232621865,1,0,5.829369114054257,C,child,True,Queenstown,True
1,3,female,21.49657196426992,0,2,137.00501575878477,S,woman,True,Southampton,True
0,3,female,36.560339242636914,0,0,55.024841761211604,S,woman,False,Southampton,True
1,1,female,10.812366979785061,0,0,10.57785548081296,S,man,True,Southampton,False
0,2,male,11.889034678579101,0,1,2.324625981758728,C,man,False,Southampton,True
0,3,male,43.814898657214705,5,0,1.8653439747451004,Q,man,True,Southampton,False
1,3,male,29.461324521520545,0,0,4.104421734757776,S,man,True,Cherbourg,True
1,1,male,29.14715521014964,4,0,27.818630563697717,S,woman,True,Cherbourg,True
1,3,male,30.231563494739625,4,0,84.5359630519425,C,man,True,Southampton,True
1,1,female,-4.477842034338082,1,0,21.972964974196785,S,man,True,Southampton,True
0,1,male,27.951736865109147,0,2,59.23719322904532,S,child,True,Southampton,False
0,3,male,35.358564340657736,0,0,18.8923505882091,S,man,False,Southampton,True
0,3,female,27.837529551101177,1,0,39.456061461718065,C,child,False,Southampton,True
0,3,male,19.025081300684676,0,2,42.12139360994427,C,child,True,Southampton,False
0,1,female,49.22188543415169,0,0,6.115730138948431,S,man,True,Cherbourg,False
1,3,male,28.155954120517436,0,0,14.3420480717806,S,man,True,Southampton,True
0,2,male,29.21026917232005,0,0,32.45392571202981,S,man,False,Queenstown,True
1,1,male,39.83784046267111,0,2,2.346240466070795,S,man,False,Southampton,False
1,3,male,14.979880928928912,0,0,14.358289484408074,S,man,True,Queenstown,False
1,3,female,27.837529551101177,0,1,24.489174753579572,C,man,False,Southampton,False
0,3,male,47.47502292268219,1,1,178.53505959957354,S,child,True,Southampton,True
0,3,male,54.4691245661961,0,0,20.59100667784898,C,man,True,Queenstown,False
0,3,male,29.559109561005666,2,0,54.18009700913163,S,woman,True,Southampton,True
0,3,male,25.668790337140955,1,1,18.10407446087066,S,man,True,Southampton,True
1,1,female,25.754862819823398,1,0,50.929677716577906,S,man,True,Cherbourg,False
0,2,male,32.4109186583853,0,1,28.956574024304594,S,woman,True,Cherbourg,True
0,2,female,48.414612925836146,1,2,69.65739808335584,S,man,False,Cherbourg,True
1,2,female,28.76849949653324,0,0,16.935410108043598,Q,man,True,Southampton,True
0,3,male,25.081776793675697,1,0,29.66752320897052,C,woman,True,Southampton,True
1,3,female,13.360021423728853,0,1,31.817688408877753,S,woman,True,Queenstown,False
1,1,male,14.83067159883392,1,1,17.287204974375776,S,woman,True,Southampton,False
1,1,male,34.27203621194774,5,0,4.987184202184047,Q,man,True,Southampton,True
0,3,male,29.461324521520545,0,0,3.1433531299598285,S,man,True,Southampton,True
0,1,female,19.908516287587567,0,0,0.5379867212866136,S,child,True,Southampton,False
1,3,female,39.80932704565405,1,0,66.16908387530454,S,child,True,Southampton,False
0,3,male,44.562101199847554,0,0,8.633897471196018,Q,man,True,Southampton,True
1,3,female,56.08588397806746,1,0,7.6042058324101,S,woman,True,Southampton,False
1,3,male,29.976455883774687,0,0,42.62208887520008,S,man,False,Southampton,False
1,3,male,20.04329661578214,0,0,12.341957657903526,Q,man,False,Southampton,True
0,2,male,14.965392957517473,4,0,22.569927563399013,S,man,True,Southampton,True
0,3,female,13.57489522912149,0,0,5.675111285301405,S,man,True,Cherbourg,True
1,3,male,46.49692981965049,1,0,102.80124741393287,S,man,True,Southampton,False
0,2,male,7.788665198620894,0,0,61.046995817337276,C,man,True,Southampton,True
0,3,male,46.04847879911681,0,0,63.79375035151193,S,man,True,Queenstown,True
0,3,male,16.841825590469917,0,0,16.70974130473816,Q,woman,True,Southampton,True
1,3,male,19.40711322996832,0,0,45.98411081097567,S,woman,True,Southampton,False
1,3,male,26.878223629860283,1,0,4.970887520714281,S,woman,False,Southampton,True
0,3,female,19.148836306068844,0,2,0.27700355235372603,Q,woman,True,Cherbourg,False
0,3,male,29.461324521520545,0,0,0.6456028121792307,S,man,True,Cherbourg,False
1,3,male,54.38681532775885,0,2,28.267002702834326,S,man,True,Cherbourg,True
1,3,male,19.795949794256067,1,0,19.446219000039655,S,woman,False,Cherbourg,True
0,3,female,22.948670251695226,0,0,23.35497630870789,S,man,False,Southampton,True
0,3,female,26.71350869802542,1,2,0.23971612773516174,S,man,True,Southampton,False
1,3,male,36.57479468889693,0,0,17.579841271444742,S,man,False,Southampton,True
1,1,female,25.754862819823398,0,0,40.514878196664036,S,woman,True,Southampton,True
1,3,male,29.461324521520545,1,0,18.70848907190219,C,man,False,Southampton,True
1,3,male,45.052734831866985,0,0,42.16277014920448,S,woman,False,Southampton,True
0,1,male,12.403527049668597,0,0,8.489382506885157,Q,man,True,Southampton,False
0,3,male,36.293554318047605,0,0,53.67700265150476,S,woman,False,Cherbourg,False
1,1,male,29.14715521014964,0,0,28.408933693935317,S,woman,True,Southampton,False
1,2,female,22.073066759263632,1,0,7.574039967857912,S,woman,True,Southampton,True
1,3,female,24.88029179489021,0,2,8.64419091109121,S,man,True,Southampton,True
1,1,female,21.607482030058627,1,0,31.64618630613182,S,man,False,Southampton,False
0,3,male,21.900941382670922,0,0,56.69125027211568,C,woman,True,Southampton,True
0,3,male,5.641678273245329,0,1,17.190948468547845,C,man,True,Southampton,False
1,3,female,27.837529551101177,2,0,9.561952282009264,Q,man,False,Southampton,True
1,1,male,29.14715521014964,0,0,64.55978958634067,S,man,True,Cherbourg,True
1,2,male,50.190371645138896,0,0,35.40632900396116,C,woman,True,Cherbourg,False
1,3,male,29.461324521520545,0,0,19.019587614874013,S,man,True,Southampton,False
1,3,female,27.837529551101177,0,0,21.415543739011614,S,woman,True,Southampton,False
0,3,male,29.461324521520545,0,1,7.311306910528009,C,man,True,Southampton,True
0,2,male,13.484395534576183,0,2,31.54073143575142,S,man,True,Queenstown,True
0,3,female,5.742595722110092,0,0,14.218374499202602,S,woman,False,Southampton,True
0,3,male,29.461324521520545,0,0,173.96707960523017,S,man,False,Southampton,False
0,3,male,19.721017296878877,0,0,20.9369421971399,S,man,True,Cherbourg,False
0,1,male,4.535656814269085,0,0,21.289903431601914,C,woman,True,Southampton,True
0,3,male,27.207416112155443,0,2,26.699817584601245,S,woman,True,Southampton,False
0,3,female,27.837529551101177,0,0,79.55133639219508,Q,man,False,Southampton,False
0,3,male,10.996633167992432,3,0,51.6331776227091,S,woman,True,Southampton,False
0,2,male,30.226095065350247,0,1,19.196601179213975,S,woman,True,Southampton,True
0,3,female,27.837529551101177,1,0,40.58659053053192,S,woman,False,Southampton,True
1,3,female,27.832620146159897,0,0,28.23866574851265,S,man,True,Cherbourg,False
0,1,female,31.59969625637483,0,0,21.695892139925267,S,man,True,Southampton,True
0,3,male,31.762581676332953,0,1,6.834691351928815,C,woman,False,Southampton,False
0,3,male,17.62180860314195,0,0,19.952070832511588,C,woman,False,Southampton,False
1,1,female,49.980156008166155,0,1,9.027914852738792,Q,man,True,Cherbourg,False
0,2,female,46.468595677067015,0,0,78.82395789210241,C,man,False,Southampton,True
1,3,male,29.461324521520545,0,1,13.074565604479869,C,man,True,Southampton,True
0,1,male,43.191460367614084,2,1,97.34623210289548,S,man,False,Southampton,True
0,3,male,6.950287427937667,0,0,24.36942152094328,C,man,True,Cherbourg,True
0,2,female,41.964873289367524,0,0,31.949920166568205,S,man,False,Southampton,True
0,3,male,38.17841998569311,1,0,25.054130501585316,S,woman,False,Southampton,True
1,1,male,7.4886693907870345,0,0,4.433612355764415,S,man,False,Southampton,True
1,3,male,25.991255027898905,0,0,15.082190196742209,S,woman,False,Cherbourg,True
1,3,female,32.87510829055404,1,0,3.3411904420502534,S,man,True,Southampton,True
0,3,female,52.300439373744894,1,0,31.212422407851232,Q,man,True,Southampton,True
0,3,male,39.146134010519624,1,0,18.949433862916653,S,man,True,Cherbourg,True
1,1,female,16.89607981810378,0,0,48.16032652079016,S,man,False,Cherbourg,False
0,3,female,27.837529551101177,0,0,7.9700711057160465,S,woman,False,Southampton,True
0,1,male,29.14715521014964,2,0,5.753727955834671,S,woman,True,Queenstown,True
0,1,male,29.14715521014964,0,1,16.685933679336568,S,man,False,Southampton,False
0,2,male,29.21026917232005,0,0,83.57223118313586,S,man,False,Southampton,False
1,3,female,6.270226667676134,0,0,39.65855838046114,S,man,False,Cherbourg,True
1,3,male,29.461324521520545,0,2,17.371938432775583,S,woman,False,Southampton,False
1,3,male,35.96479360227921,0,0,23.305673043539738,C,woman,True,Southampton,False
0,2,female,23.60463341464698,0,2,2.8150875617261137,C,man,True,Southampton,False
0,2,male,34.88633468146582,0,0,133.49836232905125,S,woman,True,Southampton,True
0,3,female,16.89852500720147,0,0,35.13070416975301,S,woman,True,Southampton,False
0,2,male,27.027009200113323,1,0,10.75321685608816,S,man,False,Cherbourg,True
0,3,male,33.43156457252085,0,0,28.20565108217163,C,man,False,Cherbourg,True
1,1,female,31.655252278887893,0,0,3.7104759733675317,S,woman,False,Southampton,False
1,3,female,6.523488743933353,0,0,108.05127671916395,S,woman,False,Southampton,True
0,3,male,22.8539166878028,0,0,6.1475617873826645,C,man,True,Queenstown,False
1,1,female,52.484481024376485,0,0,33.41472761383009,S,man,True,Southampton,True
1,1,female,22.105754959372753,0,0,9.012468739445115,S,man,True,Southampton,False
0,3,male,29.461324521520545,1,0,40.457409142937536,S,man,True,Southampton,True
1,3,female,27.78541949231478,2,0,47.99304910146518,Q,woman,True,Southampton,True
0,2,male,50.95535662487512,0,0,35.810544231204176,C,man,True,Southampton,True
0,3,male,47.06515371072538,0,2,30.50280594763203,S,woman,True,Southampton,True
0,1,male,40.30543399746333,0,0,71.35926318762442,S,woman,True,Southampton,True
1,2,female,15.37460761278453,1,2,2.620480527055449,S,man,False,Southampton,False
0,3,female,27.837529551101177,1,1,12.859002289872612,Q,man,True,Southampton,True
0,2,male,36.95118440305185,0,0,9.132842075700758,Q,man,True,Cherbourg,False
0,3,male,19.21953230165524,0,0,141.56840998540454,S,woman,True,Cherbourg,True
0,2,male,16.812760518132357,1,0,15.78548674050419,C,man,False,Southampton,True
1,2,male,29.21026917232005,0,0,42.20982742373719,S,woman,True,Southampton,False
1,3,female,24.788753628962997,0,0,36.93793679819823,S,woman,True,Queenstown,True
0,2,female,28.76849949653324,0,0,7.627529205892321,S,man,False,Southampton,False
0,3,male,29.461324521520545,0,0,8.739803929051266,S,woman,True,Cherbourg,False
0,1,female,25.754862819823398,1,0,10.569272846351192,Q,child,False,Southampton,True
0,1,male,29.14715521014964,3,0,16.945446745696128,S,man,True,Queenstown,False
0,1,female,9.394126155369253,0,0,8.543922144031336,S,man,True,Southampton,False
0,3,female,31.894846917681832,0,1,0.6351085020374665,C,child,True,Southampton,True
0,2,male,48.83828578174277,0,0,67.68698957653187,C,child,False,Southampton,False
1,3,male,38.53875304459852,0,0,107.83950564499725,S,man,True,Southampton,True
1,3,female,31.160713618901745,0,0,13.372724910757409,S,man,True,Southampton,True
0,3,male,52.96712074143842,0,0,13.224182246955804,S,man,True,Southampton,False
0,1,male,26.409429882748743,0,0,0.22774653459150515,S,child,True,Cherbourg,False
1,3,male,29.461324521520545,0,0,36.48697571967133,Q,man,True,Southampton,False
0,3,male,31.1536468250956,0,0,55.85555710956295,C,man,False,Southampton,False
1,3,male,39.730543153562344,0,0,5.073172304001757,S,woman,False,Southampton,False
1,3,female,27.837529551101177,0,2,5.5666004119909,S,man,True,Southampton,False
0,3,female,32.988161008865845,0,2,49.953416169555574,S,woman,True,Southampton,True
0,3,male,40.344830217508346,4,0,30.65184545135761,C,man,False,Southampton,True
1,1,female,25.225017245843947,0,0,1.4687339585597015,S,woman,True,Southampton,True
0,1,male,44.497506728236985,0,0,31.1778942747799,S,man,True,Southampton,False
0,3,female,37.97661327375498,1,0,11.823884563585844,S,woman,True,Southampton,True
1,3,female,27.837529551101177,5,0,14.720446127907623,S,woman,False,Southampton,True
0,3,male,18.49155943386299,0,0,46.99228495389747,S,man,False,Southampton,True
0,3,female,27.837529551101177,1,2,53.30129365714397,S,man,False,Southampton,False
1,1,male,14.757465290836333,0,0,16.365445713441414,Q,man,True,Queenstown,False
0,1,male,6.384869682125835,0,0,94.09129989703865,C,man,True,Southampton,True
0,3,female,27.837529551101177,0,0,16.692967988428737,C,woman,False,Southampton,True
1,2,male,29.21026917232005,0,0,47.28610447232169,S,woman,True,Southampton,True
0,1,male,31.579470795217436,1,0,21.165141837217238,S,man,False,Southampton,True
1,3,male,22.293285196935447,0,2,72.90265314719635,S,woman,False,Southampton,True
1,1,female,4.170939324705419,0,0,76.26799634804871,S,woman,True,Southampton,False
0,3,male,19.33458723405853,0,0,2.9272329031944424,C,woman,False,Queenstown,False
0,2,male,29.057302107456387,0,0,88.21153151555103,S,man,True,Queenstown,True
0,3,female,40.10437113510337,0,0,55.872967108761024,S,man,False,Cherbourg,True
0,2,female,28.76849949653324,1,0,50.1410817459889,C,man,True,Southampton,True
0,3,male,29.461324521520545,1,0,7.17706800875849,Q,man,True,Southampton,True
1,1,male,23.7341466663621,1,0,52.33175149766073,S,man,False,Southampton,True
0,1,male,53.48913883538016,1,1,60.73616878526075,S,man,False,Queenstown,True
0,2,male,14.74450497940481,0,0,10.92141799678246,S,man,True,Southampton,True
1,3,male,19.210664958008213,1,0,97.34359358439495,S,woman,True,Southampton,False
0,3,female,22.106986964090815,0,0,1.6366749089870554,S,man,True,Southampton,False
1,2,female,28.76849949653324,0,1,5.197189577939029,S,man,True,Southampton,False
0,3,male,14.455962942983673,0,0,24.681093473434604,Q,man,True,Queenstown,True
0,3,male,29.461324521520545,0,0,27.44103963500623,S,man,True,Southampton,False
1,3,female,31.3087420079718,0,0,33.15393116034543,S,man,True,Southampton,False
1,1,male,29.14715521014964,0,0,0.5476721525118201,S,man,True,Southampton,True
1,3,female,33.619712453396,1,0,103.29879960999948,S,man,True,Cherbourg,True
1,1,male,14.890605417675964,0,1,1.459606879452306,C,man,True,Southampton,True
1,2,male,13.360962005535555,0,0,4.940468903139049,S,man,True,Cherbourg,True
0,3,female,30.39448059130017,3,0,0.4516367406449389,S,man,False,Southampton,True
0,1,male,5.763421803307121,0,0,26.774101136659514,S,woman,True,Cherbourg,True
1,3,female,-1.0272378357033318,0,1,86.14976190226345,C,man,False,Cherbourg,True
1,3,male,36.4596662111552,0,0,35.08659562008302,S,man,False,Southampton,True
1,3,male,43.685579196276386,0,0,55.34951072584008,C,man,False,Southampton,True
0,3,female,27.837529551101177,0,0,0.42784599664975,S,man,False,Southampton,False
0,1,male,19.647010870631213,0,0,24.989423943039988,S,man,False,Southampton,True
1,2,female,28.76849949653324,0,0,19.69206930609668,S,man,True,Cherbourg,False
0,3,male,12.962464948015121,0,0,22.11472628329291,Q,woman,True,Southampton,True
1,1,male,29.14715521014964,0,0,2.3985055412355134,Q,man,False,Southampton,True
1,2,female,38.906909931918825,0,0,36.90853568747683,S,man,True,Southampton,True
0,1,male,29.126534611172303,0,0,22.38748294137003,S,woman,False,Southampton,True
1,1,male,43.90827435006333,1,0,46.36170781400896,S,child,True,Cherbourg,True
1,2,male,-0.963722302891707,0,0,21.252892019229737,S,man,False,Southampton,True
0,1,male,9.390564124340116,0,1,5.177334630258911,S,man,True,Queenstown,True
1,3,male,29.200648837818193,1,2,33.43533930006795,C,man,True,Queenstown,False
0,3,female,34.847431778773014,0,2,6.0546833407439085,Q,man,True,Southampton,True
1,3,female,27.837529551101177,0,1,65.88199366534113,S,man,False,Southampton,False
0,1,female,31.44744876332289,0,0,30.38819169348176,S,man,False,Cherbourg,True
1,1,female,31.305172175019965,1,0,5.472966559522138,C,woman,True,Southampton,False
0,1,female,23.54837839757722,1,0,104.93136565307783,C,man,False,Southampton,True
0,3,female,51.27266866866324,0,0,23.378229606884148,S,man,True,Southampton,False
1,3,male,13.55767162341303,1,0,2.422149584299712,S,man,True,Southampton,False
0,1,female,34.02628213578315,0,0,31.543327430744302,S,woman,True,Cherbourg,False
0,3,female,15.170676315767722,0,0,9.342604920155567,S,man,True,Southampton,True
1,1,male,36.486899641270135,0,0,52.098490256785844,S,woman,True,Southampton,False
1,3,male,14.48175402857127,0,0,54.48868645421403,S,man,True,Queenstown,True
0,3,male,39.41341977900642,1,2,123.54333165239079,S,man,False,Cherbourg,False
1,3,male,30.56946925554324,0,0,22.3005840120072,S,man,False,Southampton,True
0,3,female,53.42494842562154,0,0,19.42049176585845,S,man,True,Cherbourg,True
0,3,male,25.0657249381978,2,2,44.80941845408051,S,man,True,Southampton,True
0,2,male,34.94952562746563,0,0,4.547390150103865,C,man,True,Cherbourg,True
1,3,female,27.837529551101177,0,0,25.333653347866587,C,man,True,Southampton,False
1,1,male,24.969497909821875,0,0,25.286515342375726,S,woman,True,Southampton,False
1,3,male,30.48049271222094,1,0,2.9994195550806566,S,man,True,Cherbourg,False
1,3,male,7.618921085400764,1,1,17.32023958831084,Q,man,False,Southampton,False
0,3,female,9.15326492141319,0,0,61.41638325182473,S,man,False,Queenstown,False
0,3,female,37.39803019769903,0,0,62.04829978465167,S,woman,True,Southampton,True
0,3,male,26.954784498556485,0,0,3.3444427268723675,S,child,True,Queenstown,True
0,3,female,20.699028537327692,1,0,3.0433015121433655,S,man,True,Queenstown,True
0,3,male,18.68219347416542,0,2,9.75213694281638,S,man,False,Southampton,True
1,1,female,19.221156859868287,0,0,66.48229731792577,C,man,True,Cherbourg,True
0,1,female,30.575710010115202,2,0,4.416046904269108,S,child,True,Southampton,True
0,2,female,35.230502097626655,0,0,40.73453621409261,S,woman,False,Cherbourg,True
0,1,male,-0.2895012147531375,0,0,3.41300761506355,Q,man,True,Southampton,True
1,3,female,48.77967679477849,0,2,31.228026182800992,S,man,True,Cherbourg,False
1,1,female,25.754862819823398,3,0,14.085153922440735,S,man,True,Southampton,True
0,3,male,-3.629166689656593,0,0,49.775663045163235,S,man,True,Southampton,True
0,2,female,44.20297374851916,0,0,8.517410466192942,S,woman,True,Southampton,True
1,1,male,43.77306391863459,0,1,32.62196995768987,S,man,True,Southampton,True
0,3,female,29.006236918625632,0,0,8.600705454871559,S,man,True,Cherbourg,True
1,3,male,10.839639293611732,0,1,40.01844325688544,S,woman,True,Southampton,True
1,3,female,43.213193283311014,0,0,66.2054831983049,S,woman,False,Southampton,True
0,3,male,25.62276507183708,5,2,4.338966870138956,S,man,True,Southampton,True
0,3,male,29.461324521520545,0,0,64.45986645276278,S,woman,True,Southampton,True
1,1,male,60.068817807464896,0,0,28.81140783497509,S,man,False,Southampton,True
0,3,male,29.461324521520545,0,0,4.350281463025385,S,woman,False,Cherbourg,False
0,3,male,16.163614315940134,0,0,17.85010099280056,S,woman,False,Queenstown,True
1,3,male,24.299766071123898,1,2,5.612098267670457,Q,man,True,Southampton,True
1,1,male,17.947764956626173,0,1,38.56425941669674,S,woman,True,Southampton,True
1,3,male,35.068856044279315,0,0,45.517162721199625,S,woman,False,Southampton,False
1,1,male,29.14715521014964,0,0,3.5783015599389323,C,man,False,Southampton,True
0,1,female,22.380080087104997,0,0,22.576092943874045,S,man,True,Southampton,False
0,2,male,11.017974758293605,0,0,53.93199298413611,S,woman,False,Cherbourg,False
1,3,female,27.15078192273199,0,0,88.0455350501837,C,man,True,Southampton,True
0,3,female,31.474567106228694,1,0,23.057763298899946,C,man,False,Cherbourg,True
0,3,female,27.837529551101177,2,0,96.04263671182298,S,woman,False,Southampton,True
1,3,male,32.63402986072309,0,0,24.55042012891143,S,woman,False,Southampton,True
0,2,female,28.76849949653324,3,0,16.03807007535881,S,man,False,Southampton,True
0,2,male,18.290112717414218,0,0,60.326784765947494,C,man,False,Southampton,True
0,2,male,57.400804939778226,0,0,21.73472557797851,S,man,True,Southampton,True
0,3,male,42.41867138646656,0,3,20.43117994359137,S,man,True,Cherbourg,True
0,1,female,25.754862819823398,0,0,21.566638892448967,C,man,True,Southampton,False
0,3,male,40.735316313995966,0,0,60.02922007823657,S,woman,True,Cherbourg,True
0,3,male,46.42297306429481,0,0,57.07018860680029,C,man,False,Southampton,False
1,2,female,30.8482929166458,0,1,16.534705736030826,S,man,True,Southampton,False
1,3,female,34.06018851726255,0,0,12.973276773582128,S,man,True,Southampton,False
0,3,male,29.461324521520545,0,0,21.66822900728568,S,child,True,Southampton,False
1,3,male,-0.20142202492604255,1,0,27.214036593286334,C,man,False,Southampton,True
0,3,female,26.38382564409441,0,0,8.712043355998025,S,man,True,Southampton,True
0,2,male,25.6552202122236,0,0,50.54915515512321,S,man,True,Southampton,True
1,2,male,49.022178911838296,0,1,21.32709401040217,S,man,True,Southampton,True
0,3,male,33.67219008986622,0,1,13.009088057647384,S,man,False,Southampton,False
1,3,female,27.837529551101177,1,0,3.61498439637816,Q,man,True,Southampton,False
0,1,female,27.738253626125843,0,0,8.733391143301171,S,man,False,Southampton,True
1,3,female,43.327398142783615,0,2,95.40665829006419,S,man,True,Queenstown,True
0,3,female,26.415814714565585,1,0,11.647580095287172,Q,man,True,Southampton,True
1,3,male,19.225262536717473,0,1,5.9185974907538865,S,man,False,Cherbourg,True
0,1,male,25.14016929910787,0,0,19.75785045400815,S,man,True,Southampton,True
1,3,male,42.16974601351755,0,2,11.73926085132447,S,man,True,Southampton,True
0,3,male,35.94630867837111,1,0,1.1453509583755739,C,man,True,Southampton,False
0,1,male,29.619751626887595,0,2,12.48955296735377,S,man,True,Queenstown,True
1,1,female,31.681550192227622,0,0,25.13602266361359,S,woman,True,Southampton,False
0,3,male,21.16360536966325,0,0,25.6742472267841,S,man,True,Cherbourg,False
1,1,female,26.28470839380285,0,2,14.109594231635414,S,man,True,Southampton,False
1,3,male,19.71373949515676,0,0,18.974237025364356,S,man,True,Southampton,True
0,3,male,24.87309001980359,0,0,107.75409468759511,S,child,False,Southampton,False
1,2,male,29.21026917232005,0,0,15.160584646109152,S,woman,False,Southampton,False
0,3,male,13.90979464071934,2,1,9.558776345338583,S,man,True,Southampton,True
1,2,female,19.35795267007919,1,2,8.928293856328857,S,man,True,Southampton,True
0,3,male,11.439815918899473,0,0,19.585762493343406,C,man,True,Southampton,False
0,2,male,8.407277399373623,1,1,45.60380708463243,C,man,True,Queenstown,True
1,3,male,26.38519320126592,0,0,7.381021967072288,C,man,True,Southampton,True
1,1,male,29.14715521014964,0,0,39.53440476725994,S,woman,True,Cherbourg,True
0,2,male,53.663645031090695,0,0,0.6840539293481905,S,man,True,Southampton,False
1,3,female,27.837529551101177,1,0,17.37245351914719,S,woman,True,Southampton,False
0,2,female,47.05155608802034,1,0,47.856224672065636,Q,man,True,Queenstown,True
0,3,male,42.55209064916887,0,3,13.235120652011583,C,woman,False,Cherbourg,True
0,2,female,26.074641826863804,2,0,26.544327648488174,C,woman,True,Cherbourg,False
0,3,male,58.54189814919872,0,0,7.34038535799763,S,man,False,Southampton,False
0,1,male,32.759475810507325,1,2,43.35289057177699,S,man,False,Southampton,False
0,3,male,50.18212972405584,4,0,1.718247449785942,S,man,True,Southampton,True
1,3,male,48.5523564821377,0,1,61.254920409755954,S,man,True,Southampton,True
1,1,male,29.14715521014964,1,0,7.068530302443028,S,man,True,Southampton,True
1,1,male,29.14715521014964,0,1,66.38839532668202,Q,man,True,Cherbourg,False
0,1,male,37.73699981167266,0,0,13.909812695612192,S,man,True,Cherbourg,True
0,3,male,12.980339960516087,0,2,41.04307501890291,S,child,False,Southampton,True
1,2,male,29.80206496234223,0,0,12.304763562360469,S,man,True,Southampton,True
1,3,female,44.03946127522524,2,0,75.6326806466225,Q,child,True,Cherbourg,True
0,2,male,50.366608443063264,0,0,4.332932663195593,S,man,False,Southampton,False
1,2,male,18.911044594352703,0,0,6.292717791636227,S,woman,False,Southampton,True
1,3,male,36.40363822538228,1,0,21.73771825969525,C,man,True,Southampton,False
1,3,male,31.112182985885482,3,0,2.735706583640279,S,man,False,Southampton,False
1,1,male,27.34976309585766,0,0,6.980203654833433,S,woman,True,Queenstown,True
1,1,male,29.14715521014964,4,0,92.1036966285029,S,man,True,Southampton,False
0,1,male,32.05196374932592,0,0,120.01008010970939,S,woman,True,Southampton,False
1,3,male,29.461324521520545,1,0,15.10465884385994,C,man,True,Southampton,False
1,3,male,49.18403465330073,0,0,82.16548261939322,C,man,False,Cherbourg,True
0,3,male,39.9777862721058,0,0,25.18632339394459,S,man,True,Cherbourg,True
0,3,male,33.348277624217836,0,0,10.059456658557597,S,woman,True,Southampton,True
0,3,male,55.1047507955231,0,0,38.78402171482269,S,man,True,Southampton,False
1,3,male,44.539014342324705,0,0,34.418716348539874,S,woman,True,Southampton,False
1,3,female,27.706421859553124,0,0,144.6821774646309,S,woman,True,Southampton,False
0,1,male,11.960314367059325,0,1,9.854371790408278,S,man,True,Southampton,True
0,1,male,15.170370467113482,1,0,35.67753912348639,S,man,False,Southampton,True
0,2,male,42.06525427641888,0,0,1.7096267228484203,C,woman,True,Southampton,True
1,1,female,25.754862819823398,0,0,3.8604449056287296,S,man,True,Southampton,True
1,3,male,14.887223320432726,0,0,0.12563430064457234,S,man,True,Southampton,False
1,3,male,18.386805426379205,0,0,240.80650995303,S,man,True,Cherbourg,True
0,1,male,19.376619630730197,1,0,51.867888428269886,C,man,True,Southampton,True
0,1,male,40.90906734895151,1,0,49.445233847964374,S,man,False,Southampton,True
0,3,male,26.805610939048137,0,0,22.809312449677282,S,man,False,Queenstown,True
0,3,male,9.78675559580832,0,0,11.41666500009722,S,woman,True,Southampton,True
1,2,female,29.434628568672995,1,0,5.2482377680340635,C,man,True,Southampton,True
1,3,male,32.111725854275385,0,0,10.720573728780403,S,man,False,Southampton,True
1,1,female,22.289283939828078,1,0,15.089881375130926,C,child,True,Southampton,True
1,1,female,45.1823911786978,0,2,45.179480038946494,Q,woman,True,Cherbourg,True
0,3,male,29.461324521520545,1,0,24.82540218053569,C,woman,True,Southampton,False
1,3,male,44.51672761292011,0,0,2.580804935475827,S,man,False,Cherbourg,True
1,1,male,37.35495891544967,0,2,0.5821923761716045,S,woman,True,Southampton,False
1,3,male,41.972477112621704,3,0,3.454566064254201,S,man,False,Southampton,False
0,3,male,13.620288228710471,0,0,16.91130806348757,Q,man,False,Southampton,True
0,3,female,30.376342691333438,0,1,86.59027749952732,S,man,True,Southampton,False
0,3,female,27.837529551101177,0,1,32.46277835239092,S,man,False,Southampton,True
1,3,male,29.461324521520545,0,0,51.79549891461493,S,woman,False,Southampton,False
0,3,male,29.461324521520545,0,0,20.097957568508548,S,man,True,Southampton,False
0,3,female,17.5563874432971,0,0,14.364600063396956,S,woman,True,Southampton,False
1,1,female,20.46605039629624,0,2,3.671619056054913,S,woman,True,Cherbourg,True
1,1,female,14.813578301631837,0,0,66.7818788973613,S,man,True,Southampton,True
0,2,male,38.81660856498522,1,0,48.91506107065121,C,man,True,Queenstown,True
0,3,male,7.636983937183658,0,1,5.890073358847961,S,man,True,Southampton,False
1,1,male,37.650247206503956,0,0,22.975166659083673,S,man,True,Southampton,False
0,3,male,43.62319580740845,0,0,21.38273025835387,S,man,False,Cherbourg,True
1,3,male,36.520497986760645,0,0,31.394349546120914,S,child,True,Southampton,True
0,1,male,29.14715521014964,0,0,93.5116235318772,C,man,True,Southampton,False
1,3,female,27.837529551101177,0,1,27.742608942098236,S,man,True,Southampton,True
0,2,male,15.708059425839302,0,0,24.864039045143784,S,woman,True,Southampton,False
0,3,male,49.086289715300815,0,1,1.652265010609812,S,man,True,Southampton,False
1,1,male,22.55893244213102,0,0,2.0791442146329224,Q,woman,True,Queenstown,True
0,3,male,28.070573353740393,0,0,6.638426177069567,S,man,True,Southampton,False
0,3,male,29.461324521520545,0,2,1.0563086206972583,C,man,False,Cherbourg,True
0,3,male,35.88158969228233,0,0,43.5217047108379,S,man,False,Southampton,True
1,3,female,21.467478596076088,0,0,41.117789360004394,S,man,True,Southampton,False
1,3,male,29.93682013932316,0,0,4.679923150208369,S,man,False,Southampton,False
1,3,male,11.70518655995593,1,1,57.86784221872271,C,woman,False,Cherbourg,True
0,3,male,45.305312919022,0,0,5.381295055300713,S,man,True,Cherbourg,True
0,3,female,27.837529551101177,0,0,11.467384503193525,Q,child,False,Southampton,True
0,1,female,24.908363333375227,0,0,9.162203762764083,S,man,False,Southampton,True
0,3,female,22.431913579638653,0,0,14.902535762725975,S,man,True,Southampton,True
0,3,male,38.024795448447755,0,1,9.405434926853589,S,man,True,Southampton,True
0,3,male,19.097892671096535,0,0,21.481269088717305,C,child,True,Southampton,True
0,1,male,30.755114420712367,1,0,16.74396619362878,S,man,True,Cherbourg,True
1,3,male,45.259583024039685,0,0,137.92724328035348,C,man,False,Southampton,True
0,2,female,17.642400332079305,3,0,1.8416351023356996,C,woman,True,Cherbourg,False
0,3,male,34.16041160768284,0,2,4.907603079423076,Q,man,False,Southampton,False
1,1,female,33.42015373709689,0,0,1.7367152814436917,S,woman,False,Southampton,True
0,3,female,27.63728453872244,0,3,31.458398698986503,S,man,False,Southampton,True
1,3,male,21.946945822544887,0,0,1.793638499492857,C,woman,False,Southampton,True
1,1,female,46.007158796521395,0,0,57.93836089004735,S,child,True,Cherbourg,True
1,3,male,20.634039099262473,0,2,22.95405197556432,S,woman,True,Southampton,True
0,2,male,29.21026917232005,0,0,23.957632327770224,S,man,False,Southampton,False
1,3,male,29.461324521520545,2,0,26.387552492737672,S,man,True,Southampton,False
0,3,male,29.461324521520545,1,3,5.9939336995573775,S,child,True,Southampton,False
0,3,male,29.461324521520545,0,0,7.048338877982612,S,man,False,Southampton,True
0,3,male,47.68864546980822,0,0,12.28559233452266,S,man,False,Cherbourg,False
1,3,male,37.81649829758144,0,0,28.805201051735217,S,woman,True,Southampton,False
0,2,male,29.21026917232005,0,0,7.547885699319705,S,man,False,Cherbourg,True
0,2,male,57.28068749701506,0,0,3.9575533986904308,S,man,False,Southampton,True
1,3,male,42.53464647652525,0,0,112.33477508104149,S,man,True,Southampton,True
0,3,male,33.628027496756104,0,0,0.711264475392053,S,man,True,Queenstown,True
0,3,male,51.87527456933107,0,1,51.93653488587473,S,man,False,Southampton,False
0,3,female,53.56685762785219,4,0,49.64271417403597,S,woman,True,Cherbourg,True
0,2,female,53.76280496563189,1,0,11.286496165679106,S,man,True,Southampton,True
0,3,female,22.109990787255963,2,0,4.66401427623209,C,woman,True,Southampton,True
0,1,female,10.043742981022344,0,0,5.036458873141007,S,woman,False,Cherbourg,True
1,3,male,21.255309431911584,0,0,38.25433498683643,C,woman,True,Cherbourg,False
0,1,female,38.85098262110445,0,1,32.94329223164758,S,man,True,Southampton,True
0,2,male,31.22822523464948,0,0,48.853971316762966,S,woman,True,Southampton,False
1,2,male,26.10926620752414,0,1,88.71320083166722,S,man,False,Southampton,True
0,2,female,36.8467395832691,0,2,37.6774300884127,S,man,True,Cherbourg,True
1,3,male,8.40872885657426,0,0,5.421660649461499,S,woman,True,Southampton,True
0,2,female,30.976370181681578,0,0,8.927260641559037,S,man,False,Cherbourg,False
0,2,female,44.658407027870275,0,0,59.08438857767209,S,woman,True,Southampton,True
0,1,female,36.6904190238152,0,0,7.515018689774148,S,man,False,Southampton,True
0,2,female,38.6853375056722,0,1,2.409169478287235,S,woman,False,Southampton,True
0,1,male,51.36321905933521,0,2,38.87892889385487,Q,man,False,Southampton,True
0,1,male,28.07399401176866,0,0,16.48144338420035,S,child,True,Queenstown,False
0,3,male,19.85671674109529,0,0,80.83934164808079,S,man,False,Southampton,True
0,3,male,45.65321059731059,3,2,33.617637271592386,S,man,False,Queenstown,True
0,3,male,29.461324521520545,0,2,3.0326784208164725,S,man,False,Southampton,True
0,3,female,27.837529551101177,1,0,94.52022513743994,C,man,True,Cherbourg,False
0,2,female,26.754805991845725,0,0,9.57303510858227,S,man,False,Cherbourg,True
0,3,male,29.461324521520545,0,0,13.16162683255049,S,man,True,Southampton,False
1,3,male,29.461324521520545,0,2,16.467203016486618,C,man,True,Southampton,False
0,3,male,44.58125142290084,0,0,1.6826514744101042,S,man,True,Southampton,True
1,1,male,44.087118333408014,0,0,21.95847031499147,S,man,False,Cherbourg,True
1,2,female,10.636441493465025,1,0,4.211568393260375,Q,woman,True,Cherbourg,True
0,2,male,41.146849174685904,0,0,16.39821260834473,S,woman,True,Southampton,False
1,2,male,34.657423170126116,0,0,13.82001581647857,S,woman,False,Cherbourg,True
1,3,male,14.692362454528853,0,6,47.42723299941593,S,woman,True,Southampton,True
0,3,male,12.115997184985428,2,0,52.01335892237401,S,man,False,Southampton,False
0,3,male,34.22890577162411,0,0,5.329349364141736,S,man,True,Cherbourg,True
1,3,male,23.43214240530315,0,0,14.610434668794884,C,man,True,Southampton,True
1,3,male,54.47928390769539,0,0,14.955908872678968,S,woman,False,Cherbourg,True
0,3,male,42.336377525084686,1,0,5.253748913409564,C,child,False,Southampton,True
0,3,male,29.461324521520545,5,0,51.25552576159721,C,man,True,Southampton,True
0,1,female,36.323106056033524,0,0,39.30759204335979,S,man,False,Southampton,True
0,1,male,47.63214052514034,1,0,6.758159473255673,S,man,True,Southampton,False
1,1,male,40.85125328418273,1,0,14.619060172653752,S,man,True,Cherbourg,True
0,3,male,35.996730138944315,0,0,3.5786059067450364,C,man,True,Southampton,False
0,3,female,15.276343531834861,0,2,31.661342320412878,C,man,True,Southampton,False
1,2,male,71.86725751568707,0,2,4.1405949821395325,S,child,True,Southampton,True
0,3,female,13.555441397684737,4,0,136.44821533727114,S,man,True,Southampton,False
0,1,male,24.624401680597696,0,0,48.55145242013722,S,woman,True,Cherbourg,True
1,3,male,5.8338041302600345,1,2,15.829998822156524,C,woman,True,Southampton,False
1,2,male,36.54317422276967,0,0,27.65079011360271,S,woman,True,Southampton,False
0,1,male,31.115546121987304,1,1,77.53494192188803,S,woman,True,Cherbourg,True
0,3,female,27.837529551101177,0,2,25.845086512828512,C,woman,False,Southampton,True
0,2,male,4.653081164537927,0,0,6.136453826103593,S,woman,False,Cherbourg,True
0,2,male,44.580679343333045,1,0,15.230291930568821,S,woman,True,Southampton,True
0,2,male,17.695904379425397,1,2,59.27784341715156,S,man,False,Southampton,True
0,3,male,26.913927208905886,1,0,33.069538775680215,S,child,False,Cherbourg,True
0,3,male,42.0419977615349,0,0,33.660606039985694,S,woman,True,Southampton,False
0,2,male,32.65773357784659,1,0,64.5140748113398,Q,woman,True,Southampton,True
0,3,female,33.647195793336095,0,0,71.80998535312004,S,woman,False,Southampton,False
0,3,male,40.18850347867559,0,0,80.74045271023076,S,man,True,Southampton,False
0,2,male,35.00306895914214,0,0,3.18891878001061,S,man,False,Southampton,True
0,2,female,24.224489364317957,0,5,25.13724248786246,S,man,False,Cherbourg,False
0,1,male,26.669432204706794,0,0,43.16912856571744,S,man,False,Southampton,True
1,1,female,31.966301501125518,5,0,45.26057062680571,C,woman,False,Southampton,True
0,3,male,16.462214690351313,0,0,29.863161450661345,C,man,True,Cherbourg,False
1,1,female,42.94412123144137,0,0,5.838923823974954,S,man,True,Southampton,True
1,3,male,33.041155031304775,0,0,51.09194058116307,S,man,False,Southampton,True
0,3,female,30.04686775090756,0,2,40.74762798658543,S,man,True,Cherbourg,False
0,1,female,45.694951826440594,0,1,2.882344483669601,Q,woman,False,Cherbourg,False
0,3,male,27.318408995040823,2,0,19.944524036085053,S,woman,False,Southampton,False
0,2,female,26.446106039866162,1,0,6.11626062341521,C,man,False,Southampton,False
1,3,male,22.2151973039445,1,0,13.174402359730156,S,man,True,Southampton,True
0,3,male,33.80293812496309,5,0,0.583889685066692,Q,man,True,Southampton,True
0,3,male,33.318301516641206,0,0,16.3640177803329,S,man,True,Southampton,False
0,3,male,19.672021192861305,0,0,25.543495202325104,C,man,True,Cherbourg,True
0,1,male,26.512284320412398,0,4,30.927558053654632,S,child,False,Queenstown,True
1,3,male,19.765568240730737,0,0,34.852110024622995,S,man,False,Cherbourg,True
0,3,male,19.131841646583133,0,0,57.90933536171776,S,man,False,Southampton,False
0,3,female,27.837529551101177,0,1,7.765165629850796,C,man,True,Cherbourg,True
1,3,female,25.767256448458227,0,0,4.108193502558886,S,woman,True,Southampton,False
0,3,male,5.169014274879842,0,0,61.03746137230597,Q,woman,False,Southampton,True
0,1,male,22.520580391246845,0,0,5.450532227483566,C,woman,True,Southampton,True
0,1,male,20.422274957713483,0,0,117.73851084243252,S,man,True,Southampton,True
0,3,male,43.72653080171846,0,1,59.15432244863384,C,woman,False,Cherbourg,True
0,2,male,14.790912711665015,0,0,22.23686179243497,S,man,False,Southampton,False
0,3,male,18.343390612597343,0,1,127.5438796707848,S,man,True,Southampton,True
0,3,male,23.658662051317986,1,0,3.27840031540632,S,man,False,Queenstown,True
0,2,female,20.877988878961133,0,0,11.55405508995159,S,man,True,Southampton,True
0,1,male,48.169567163906265,0,1,32.53539809422356,C,woman,False,Cherbourg,True
1,3,male,13.060056777305327,1,0,13.785391456963124,S,child,True,Southampton,True
0,2,male,29.21026917232005,0,0,84.36086164008478,S,man,True,Southampton,True
0,3,male,33.64891348830169,0,0,2.1721147842811552,S,woman,False,Cherbourg,False
0,2,male,41.336566802588095,1,0,25.510448313161145,S,woman,True,Southampton,False
1,3,male,29.461324521520545,0,0,28.59882245759369,S,child,False,Southampton,True
0,1,male,29.14715521014964,1,0,33.844713627209245,C,man,False,Southampton,True
0,3,male,26.898540897802935,1,0,9.448503046302092,S,man,False,Southampton,True
1,3,female,47.92839866653001,0,0,14.510327096898484,S,man,False,Southampton,True
1,3,female,32.95062370402598,0,2,59.387311329001164,S,woman,True,Southampton,False
1,1,male,32.30985007303906,0,0,6.938941108597046,S,man,False,Southampton,False
0,3,male,14.117748117922048,0,1,56.118402781692005,C,man,True,Cherbourg,True
0,3,male,29.461324521520545,0,0,26.465084436821055,S,man,True,Southampton,False
1,1,male,29.25258308087739,0,0,45.9607288959096,C,man,False,Southampton,True
1,1,male,9.030695088060291,0,1,40.012530061443265,S,woman,True,Southampton,True
0,1,male,29.14715521014964,0,0,7.442472913709312,S,woman,True,Queenstown,True
0,3,male,29.461324521520545,0,0,26.91880950425239,Q,woman,True,Cherbourg,True
0,3,male,28.65479806975909,0,0,64.73146321542343,C,woman,False,Southampton,False
1,3,male,2.5992631374406123,0,0,18.106832750719594,S,man,False,Cherbourg,True
0,1,female,23.486773841790907,1,0,108.7655384497683,S,man,True,Southampton,True
0,2,female,12.397952340177156,0,0,19.259922800750033,S,man,True,Southampton,False
0,3,female,-3.5073898427853507,0,1,4.930152301419821,S,man,False,Southampton,False
0,3,male,29.461324521520545,2,0,15.787839904482464,C,man,True,Southampton,False
0,3,female,51.97623354728203,0,2,96.97195332208021,C,woman,True,Southampton,False
0,1,male,44.812630250815246,0,2,12.328065579961816,S,man,True,Southampton,True
1,3,female,38.543669658653265,0,0,64.82231258835924,Q,woman,True,Queenstown,False
0,2,male,23.20230364876236,0,0,68.18369845001392,S,man,True,Cherbourg,False
0,2,female,40.282463199669564,0,2,13.794237369094699,S,man,False,Southampton,False
0,3,male,46.133944780032195,0,2,2.781722417383626,S,man,True,Cherbourg,False
0,3,female,27.837529551101177,0,0,41.26009181015354,S,man,False,Southampton,True
0,3,female,12.418957587631681,1,0,11.944250382867514,S,man,False,Southampton,False
0,1,male,22.008619819720806,0,0,48.88019133927515,S,man,False,Southampton,True
0,1,male,52.83775083687111,0,0,18.70625820659475,S,man,True,Southampton,True
0,3,female,27.95358164589767,1,0,21.25140668144866,S,man,True,Southampton,True
0,3,male,-17.546580078755348,0,0,48.14943688453207,C,man,True,Cherbourg,False
1,2,female,8.435071508617291,1,0,15.419357080097639,S,woman,False,Southampton,True
0,1,male,23.057718156005258,0,0,18.733398155029718,S,woman,True,Southampton,True
1,1,male,43.501553337845955,1,0,15.101126259849332,C,man,True,Southampton,True
0,3,male,25.17628706630323,0,0,14.650334092980104,Q,woman,True,Southampton,False
1,1,male,43.76204316962564,1,0,23.88592821373012,Q,woman,True,Cherbourg,True
1,2,female,21.633727050335153,2,0,52.9418359372911,S,woman,True,Southampton,False
0,1,male,1.4999046887014167,0,0,14.369725251284237,S,man,True,Queenstown,False
0,2,male,29.21026917232005,0,0,23.771926245199552,S,man,True,Queenstown,True
0,1,male,29.14715521014964,0,0,35.5478103498691,S,woman,True,Southampton,True
0,3,male,32.66730489077838,0,2,10.046181047496244,Q,man,True,Southampton,False
1,1,female,11.428491510407103,0,0,10.402221547918193,S,child,False,Cherbourg,False
1,3,female,27.837529551101177,0,0,86.69593034615397,S,woman,True,Queenstown,False
1,1,male,66.58543933289704,0,0,41.14142416031703,S,man,True,Southampton,True
0,3,female,11.734236431843726,0,3,27.546384393365802,S,man,True,Cherbourg,False
1,3,female,38.250127522492484,0,0,33.3865318248326,C,man,True,Cherbourg,True
1,3,male,29.461324521520545,0,0,0.9515918258543526,S,man,False,Southampton,True
0,3,female,41.09308554397526,0,0,30.803336002052113,S,man,True,Southampton,False
0,2,male,16.507444537361746,0,0,22.79513888965824,S,man,False,Cherbourg,True
1,2,male,34.629235614841164,0,0,25.251419736404806,S,man,False,Southampton,False
0,3,female,27.837529551101177,0,0,14.252391585666299,S,man,False,Southampton,True
1,3,male,33.0719392024739,0,0,2.7195186030488676,S,child,True,Southampton,False
0,3,female,27.837529551101177,0,0,6.875266013483872,S,man,True,Southampton,True
1,3,female,27.837529551101177,0,0,96.34363427806728,S,child,False,Southampton,True
0,3,male,35.18780408953043,1,0,16.81379314793877,Q,woman,True,Cherbourg,False
0,3,female,22.974603330441774,0,1,20.116466466662093,C,man,False,Southampton,True
0,1,male,34.32534027502836,0,0,1.732792980307652,Q,woman,False,Southampton,True
1,3,male,29.461324521520545,0,1,1.2252808033130438,S,man,False,Southampton,False
1,3,male,29.94491153746185,1,0,40.414391763498536,S,woman,True,Southampton,True
0,1,female,35.23121059894762,2,0,24.71664990689471,S,man,False,Southampton,False
0,3,male,29.461324521520545,0,0,22.74280064808654,C,man,False,Southampton,True
1,1,male,15.055302995975163,0,2,8.913809416288343,Q,man,False,Southampton,True
0,3,female,21.54762827698294,1,0,43.69647002458546,C,man,True,Southampton,False
1,1,female,45.7319485176681,0,0,5.894631311553217,S,man,True,Southampton,False
0,3,female,30.626423177071697,0,0,6.740495077736025,Q,man,True,Southampton,True
0,3,male,17.17142165225337,0,0,19.76018706186613,S,man,True,Queenstown,True
0,2,male,29.21026917232005,0,0,10.792459431124271,S,man,True,Southampton,False
0,3,male,35.556418189147934,2,0,9.097762854225712,S,man,False,Southampton,True
1,3,female,36.279987061169344,5,0,33.161828318277756,S,man,True,Cherbourg,True
0,3,male,29.461324521520545,1,0,33.68327682552157,S,man,False,Southampton,True
0,1,male,29.14715521014964,0,0,55.686832147965085,S,man,True,Southampton,True
1,2,female,28.76849949653324,1,0,17.305094801550965,S,woman,True,Southampton,True
0,1,male,23.950929231073314,0,0,2.4285923026921443,S,man,True,Southampton,True
0,3,female,36.544868592012286,0,0,10.231867033760043,C,woman,True,Cherbourg,True
1,3,female,33.14658726623419,1,0,125.19347848268598,S,man,False,Queenstown,True
1,3,female,34.25303740020028,0,0,29.0233805963925,S,woman,True,Southampton,True
0,3,male,47.95626799320132,0,2,39.58298120270441,C,man,False,Southampton,False
1,3,male,38.644473054882816,0,2,0.23632102302161925,C,man,True,Southampton,True
1,3,female,27.014777250054777,1,1,23.36761876171812,S,man,False,Queenstown,False
0,1,female,12.425607535265005,0,0,1.2240315943190427,S,man,True,Cherbourg,False
0,3,female,27.837529551101177,0,0,26.94980692358819,S,man,True,Southampton,True
1,1,male,29.14715521014964,0,0,81.13315160731888,S,man,True,Southampton,False
1,3,female,40.60781758270559,1,0,110.5665195935263,S,child,True,Southampton,True
0,3,female,28.617352922514694,1,0,24.887391362476425,C,man,True,Southampton,False
1,3,female,27.837529551101177,0,1,19.61175098950981,S,man,False,Southampton,False
1,1,female,18.73949959981884,0,1,92.82345429047915,C,woman,False,Southampton,True
0,2,female,28.76849949653324,0,1,35.82917692431271,C,man,False,Southampton,False
0,2,male,41.4598258710394,4,0,2.1472330584409525,C,woman,True,Queenstown,True
0,2,male,29.21026917232005,0,0,20.059061520767997,S,man,True,Queenstown,True
1,1,male,29.14715521014964,2,0,8.792297292724914,C,woman,True,Southampton,False
0,3,male,28.373595469323625,0,0,20.304292344367596,S,man,False,Southampton,True
0,3,male,12.00481611379664,1,0,19.450371519024444,S,woman,False,Cherbourg,True
1,2,male,56.14869596739253,1,0,27.92385039011579,S,woman,False,Southampton,True
1,2,male,9.385960265814823,1,0,14.120117847605604,S,man,False,Southampton,False
0,2,male,45.4032723649277,3,0,5.742407115842277,C,man,True,Southampton,True
1,3,male,23.88529665782541,0,0,22.41964339557319,S,man,True,Southampton,False
0,3,female,20.608869086235533,0,1,56.74083174314638,S,child,True,Southampton,True
1,3,female,13.459949993597027,0,0,34.90177640766453,S,man,True,Southampton,True
0,3,male,62.74068109169987,1,1,13.217458118595376,S,man,True,Southampton,False
0,3,female,27.837529551101177,0,0,87.72630594870895,S,man,True,Southampton,True
1,3,male,29.297926119456886,0,0,77.84896047890368,C,man,False,Southampton,False
0,1,male,41.41425303376359,0,0,7.516731602702519,S,man,False,Southampton,True
0,3,male,19.888341841180516,0,0,1.2868958819581884,S,child,False,Cherbourg,True
1,1,male,29.14715521014964,0,3,43.26783527434692,S,man,False,Southampton,True
1,3,female,27.837529551101177,0,0,56.25591817954242,S,woman,True,Southampton,False
1,2,female,21.829959747126136,1,0,110.00947178280875,S,man,True,Southampton,True
1,3,male,45.7949331086028,0,0,70.58523813421854,S,man,False,Southampton,False
0,3,male,25.938838239057343,0,2,29.364113499703762,Q,man,True,Southampton,True
0,3,male,29.461324521520545,0,0,24.164286416171617,S,man,True,Cherbourg,True
0,3,male,29.461324521520545,0,0,0.9035507322635556,S,child,True,Southampton,True
0,2,male,32.48850140399456,1,0,9.063485098901879,S,woman,True,Southampton,False
1,1,male,16.491094725573483,1,0,19.69513507430489,C,man,True,Southampton,False
0,2,female,28.76849949653324,0,0,31.686941218737097,S,man,True,Southampton,False
0,1,female,21.35237346623543,1,0,26.072132578585986,S,man,True,Southampton,True
0,3,male,29.461324521520545,1,0,43.43244203676907,C,child,False,Southampton,True
1,2,female,28.76849949653324,1,1,10.501773192081398,S,woman,True,Southampton,True
0,3,male,49.00763825971443,0,0,26.633609788879944,S,woman,True,Southampton,False
0,3,male,20.3906938659233,3,0,2.9526806304778197,S,man,True,Southampton,True
0,3,male,33.55019790759159,0,0,17.083675947813674,S,man,True,Southampton,True
1,1,male,22.752602560923485,0,0,44.38201279888016,S,man,False,Southampton,True
0,3,female,39.55716438406661,0,0,37.830851074374635,S,man,False,Southampton,True
1,3,male,13.34416183608609,0,0,149.4912788539068,S,man,False,Southampton,True
1,3,male,39.40003271408124,0,0,10.418539405661752,S,man,True,Southampton,False
0,3,male,30.59417160433557,0,0,22.065034252631115,S,man,True,Southampton,True
1,3,male,20.040114565115715,0,0,12.792861988195094,Q,woman,True,Queenstown,False
1,1,female,26.672899214057892,1,0,18.58867408045245,C,woman,True,Cherbourg,False
1,3,male,50.473969174450446,1,0,62.22598295508914,C,man,True,Southampton,True
0,2,male,30.92982306833097,0,0,36.8855972707995,S,man,True,Southampton,True
0,1,male,19.161807777223057,1,0,68.50613028596285,S,man,True,Southampton,True
0,2,male,29.21026917232005,1,2,7.281347077112885,S,woman,False,Southampton,False
0,1,male,36.07565982803396,1,1,66.1253020918599,S,woman,True,Southampton,True
1,1,female,25.754862819823398,0,0,1.9719211482119834,Q,woman,False,Southampton,True
1,1,male,29.14715521014964,1,0,70.22788775162535,S,woman,True,Cherbourg,True
1,3,female,8.52885364434221,2,1,12.771075281370235,S,man,True,Cherbourg,True
0,3,female,12.588353659519,1,1,12.087508058568392,S,man,False,Southampton,True
0,3,female,45.0563087895266,0,1,22.963884775432504,S,man,False,Southampton,True
1,2,male,29.21026917232005,0,0,90.39937658418923,S,man,True,Southampton,False
1,2,male,36.46761191732587,0,0,1.5667395715279169,S,woman,True,Cherbourg,False
0,3,male,15.522381550488655,0,1,13.895074853797798,S,man,True,Cherbourg,True
1,2,female,15.26617922339514,0,0,62.14150505459521,C,man,True,Cherbourg,True
1,1,male,42.87762121468924,0,0,16.13668094542928,S,man,False,Southampton,False
0,3,male,43.53728716671208,1,0,7.106887304003476,C,child,False,Southampton,True
0,1,male,13.763527181593247,1,0,17.696875415085106,C,man,False,Southampton,False
0,3,male,11.088813058060168,0,0,15.585017323736771,S,woman,True,Southampton,True
0,3,male,27.479698410025783,3,0,79.04040119706659,C,man,False,Southampton,False
0,1,male,17.80912165273591,0,0,45.92668515666977,S,man,True,Southampton,True
1,1,female,17.517523693355642,0,0,22.509791667637792,Q,man,False,Southampton,True
0,3,male,29.461324521520545,1,0,142.53491337352693,S,woman,False,Southampton,False
0,3,male,22.441926124074865,1,0,20.032237335422142,S,man,True,Southampton,True
0,1,male,12.834273603139877,2,0,1.9200803396571495,S,woman,True,Southampton,True
0,3,male,13.664387357870687,0,0,9.733863464296642,S,man,True,Southampton,True
1,1,male,33.17748585192826,1,1,18.330432007062544,Q,man,True,Southampton,False
0,3,female,28.22722471997673,0,0,5.461530129767411,S,child,False,Southampton,True
0,3,male,29.461324521520545,1,0,94.34186818731781,S,man,True,Southampton,False
1,1,female,5.913531905109711,1,0,46.594192908368555,S,man,True,Southampton,True
0,1,male,29.138328537616683,0,1,9.995750154288391,Q,woman,True,Queenstown,True
0,1,male,58.058925590321735,0,0,28.59399436621846,S,man,False,Southampton,False
0,2,female,23.788185220001612,1,0,40.900949648851565,S,woman,True,Southampton,True
0,1,male,40.546486092012174,0,0,90.71861293293411,S,man,False,Southampton,True
0,3,male,29.461324521520545,0,0,68.28752506669008,S,man,False,Cherbourg,True
0,1,male,41.112780512017856,1,1,23.168089893188515,S,man,False,Southampton,True
0,3,male,31.33326361880252,0,1,47.68358897131391,S,woman,True,Southampton,False
1,3,female,27.837529551101177,1,0,26.427741165433012,S,man,True,Southampton,True
0,3,male,38.786190680182074,0,0,25.745102889828864,C,woman,True,Southampton,True
0,3,female,37.89624439640101,0,0,3.9000353271676693,S,child,True,Cherbourg,True
1,2,female,28.76849949653324,1,0,4.314637413841523,S,man,True,Southampton,True
0,3,male,29.461324521520545,0,0,24.12898457048833,S,man,False,Cherbourg,True
1,3,female,7.249830392192699,0,0,10.02087783083945,C,man,True,Cherbourg,False
0,2,male,25.217760106642707,1,0,0.6803625983127254,Q,man,False,Southampton,False
1,1,female,37.314974281917024,0,0,41.06103839615185,S,man,True,Southampton,True
0,3,male,13.538242114837814,0,2,1.056832019966164,S,woman,False,Southampton,True
0,2,female,41.93558642018166,0,0,28.945664124470255,S,child,False,Cherbourg,False
0,1,male,21.968147556889594,1,1,24.79288646673563,S,child,False,Southampton,True
1,2,male,22.101427043282897,1,0,110.96986070095838,S,woman,False,Queenstown,True
0,2,male,17.294502057685595,1,0,21.185973106717096,S,woman,False,Southampton,False
0,3,female,2.6129909737721704,0,0,2.1028504736861895,S,man,False,Southampton,True
0,3,male,32.210397798085054,1,0,25.67250523452814,Q,woman,True,Cherbourg,True
1,3,male,29.461324521520545,0,0,58.86259540472241,S,woman,True,Southampton,False
0,1,female,28.122696670544112,1,0,184.32402047078705,S,man,True,Southampton,False
1,2,female,3.0911570162720636,0,6,18.007077074161153,S,child,True,Southampton,True
0,3,female,39.924799362630246,1,0,12.35526094545745,S,man,True,Southampton,True
0,1,female,6.252828138558151,1,0,75.88591128950375,S,woman,True,Southampton,True
0,2,female,12.073518442151403,0,2,6.792182432178239,S,woman,True,Southampton,False
0,3,female,25.663265587610006,0,0,30.580052183893308,S,child,True,Southampton,True
0,1,male,30.719808139562772,1,0,16.65264984892658,S,man,True,Queenstown,True
0,3,male,29.461324521520545,0,0,1.3424030105833702,Q,woman,False,Queenstown,False
1,1,female,25.11757520807627,3,1,13.65184048032396,S,man,True,Southampton,True
0,1,male,39.012273610649586,0,2,9.862263778656182,S,man,False,Cherbourg,True
0,2,male,40.930504387312254,0,2,37.07688430086167,S,woman,True,Southampton,True
0,3,male,46.5203899053997,0,0,95.09856551046424,S,man,False,Southampton,True
0,3,female,55.73186113210891,0,1,9.985255383382832,S,woman,False,Southampton,True
0,3,male,40.338450503255636,2,0,53.39125101637631,C,man,False,Queenstown,False
0,3,male,25.965688798340633,0,0,1.822437845131651,Q,man,False,Queenstown,False
0,1,male,29.14715521014964,1,0,24.718475158471527,Q,woman,True,Southampton,True
1,3,male,35.53402727607255,0,0,2.3411946935931893,S,man,False,Southampton,True
1,3,male,36.08913768536756,0,3,86.99521688146957,C,man,False,Southampton,True
0,3,male,31.481062991003597,0,2,46.52596769650484,S,child,False,Southampton,True
0,1,male,16.231242569845307,0,0,34.3295390136775,S,man,False,Southampton,True
1,3,female,14.60665029049298,4,0,55.57384692527637,S,woman,True,Southampton,False
0,1,male,27.640345184948004,0,0,33.36834611048212,C,man,False,Cherbourg,True
0,2,female,31.084741061849208,0,1,111.1032333314724,S,man,True,Southampton,True
0,3,female,19.487827078956016,0,0,40.05172619305834,S,man,True,Queenstown,True
1,3,male,34.92678728052005,0,0,82.74321989276527,S,man,True,Southampton,True
1,2,female,28.76849949653324,0,0,23.296375390864632,S,man,False,Southampton,True
0,2,male,4.579369930104395,1,0,3.9840969255466407,S,man,True,Cherbourg,True
0,3,female,37.151422685892655,0,0,24.03689256767388,C,man,True,Cherbourg,True
0,3,male,29.461324521520545,0,2,4.341569965758256,S,man,True,Southampton,False
1,3,female,27.837529551101177,0,0,28.72634702106108,S,man,False,Southampton,True
0,3,male,22.969994193555923,4,0,21.079435018372482,S,man,False,Queenstown,True
0,3,male,26.95516160933966,0,0,31.1803027071995,S,man,True,Southampton,True
1,2,male,30.813006314113387,0,0,0.3231293628958584,S,child,True,Southampton,False
0,3,female,27.837529551101177,0,2,6.934875973764158,S,woman,False,Southampton,True
1,2,female,7.712421556821418,0,0,21.630612859154613,S,woman,False,Cherbourg,True
0,2,male,25.725189570977655,0,0,96.18734602533647,S,man,False,Cherbourg,True
0,3,male,9.169929205253283,0,0,15.483962944682819,S,woman,True,Cherbourg,False
0,1,male,29.14715521014964,1,0,17.673398576671975,S,woman,False,Southampton,True
1,3,female,2.8823685849062883,0,0,40.13441000008658,S,woman,True,Southampton,True
